<?xml version="1.0" encoding="UTF-8" standalone="yes"?>
<addon id="plugin.video.bggledai" name="BG Gledai" version="1.0.5" provider-name="HarryGG">
  <requires>
    <import addon="xbmc.python" version="2.1.0"/>
    <import addon="script.module.xbmcswift2" version="2.4.0"/>
		<import addon="script.module.beautifulsoup4" version="4.3.2"/>
		<import addon="script.module.html5lib" version="0.999.0"/>
  </requires>
  <extension point="xbmc.python.pluginsource" library="addon.py">
    <provides>video</provides>
  </extension>
  <extension point="xbmc.addon.metadata">
		<summary lang="en">BG Gledai</summary>
		<summary lang="bg">BG Gledai</summary>
		<description lang="bg">Добавка за гледане на видео от сайта bg-gledai . tv</description>
		<disclaimer lang="bg"></disclaimer>
  	<language>Bulgarian</language>
		<platform>all</platform>
  	<forum>https://kodibg.org/forum/forum-5.html</forum>
  	<website>https://github.com/harrygg/plugin.video.bggledai</website>
  	<email>harrygg@gmail.com</email>
  </extension>
</addon>
